-- Phase 5B seed: static MVP reference data only.
-- Generated by scripts/supabase/generateSeed.ts
-- All records tagged static_mvp in metadata.
-- Run: psql $SUPABASE_DATABASE_URL -f supabase/seed.sql

-- ─── data_sources ─────────────────────────────────────────────────────────────
insert into data_sources (provider, source_type, display_name, base_url, status, metadata)
values
  ('static', 'static', 'Static MVP Data', null, 'active', '{"static_mvp": true}'),
  ('bcch', 'api', 'Banco Central de Chile BDE', 'https://si3.bcentral.cl/SieteRestWS/SieteRestWS.ashx', 'inactive', '{"static_mvp": true}'),
  ('cmf', 'scrape', 'CMF Chile', 'https://www.cmfchile.cl', 'inactive', '{"static_mvp": true}'),
  ('brain_data', 'api', 'Brain Data / Bolsa de Santiago', null, 'inactive', '{"static_mvp": true}')
on conflict do nothing;

-- ─── companies ────────────────────────────────────────────────────────────────
insert into companies (ticker, name, legal_name, sector, industry, exchange, currency, country, active, metadata)
values
  ('BSANTANDER', 'Banco Santander Chile', 'Banco Santander-Chile', 'Banking', 'Retail Banking', 'BCS', 'CLP', 'CL', true, '{"static_mvp": true}'),
  ('CHILE', 'Banco de Chile', 'Banco de Chile', 'Banking', 'Retail Banking', 'BCS', 'CLP', 'CL', true, '{"static_mvp": true}'),
  ('BCI', 'Banco de Crédito e Inversiones', 'Banco de Crédito e Inversiones', 'Banking', 'Corporate Banking', 'BCS', 'CLP', 'CL', true, '{"static_mvp": true}'),
  ('SECURITY', 'Banco Security', 'Banco Security S.A.', 'Banking', 'Wealth Management', 'BCS', 'CLP', 'CL', true, '{"static_mvp": true}'),
  ('ITAUCORP', 'Itaú Corpbanca', 'Itaú Corpbanca', 'Banking', 'Retail Banking', 'BCS', 'CLP', 'CL', true, '{"static_mvp": true}'),
  ('SQM-B', 'Sociedad Química y Minera de Chile', 'Sociedad Química y Minera de Chile S.A.', 'Mining', 'Lithium & Specialty Chemicals', 'BCS', 'CLP', 'CL', true, '{"static_mvp": true}'),
  ('CAP', 'CAP S.A.', 'CAP S.A.', 'Mining', 'Iron Ore & Steel', 'BCS', 'CLP', 'CL', true, '{"static_mvp": true}'),
  ('ENELAM', 'Enel Américas', 'Enel Américas S.A.', 'Energy', 'Electric Utilities', 'BCS', 'CLP', 'CL', true, '{"static_mvp": true}'),
  ('ENELCHILE', 'Enel Chile', 'Enel Chile S.A.', 'Energy', 'Electric Utilities', 'BCS', 'CLP', 'CL', true, '{"static_mvp": true}'),
  ('COLBUN', 'Colbún', 'Colbún S.A.', 'Energy', 'Hydro & Renewables', 'BCS', 'CLP', 'CL', true, '{"static_mvp": true}'),
  ('AGUAS-A', 'Aguas Andinas', 'Aguas Andinas S.A.', 'Utilities', 'Water Distribution', 'BCS', 'CLP', 'CL', true, '{"static_mvp": true}'),
  ('CMPC', 'Empresas CMPC', 'Empresas CMPC S.A.', 'Pulp & Forestry', 'Pulp & Paper', 'BCS', 'CLP', 'CL', true, '{"static_mvp": true}'),
  ('COPEC', 'Empresas Copec', 'Empresas Copec S.A.', 'Industrials', 'Fuel Distribution & Forestry', 'BCS', 'CLP', 'CL', true, '{"static_mvp": true}'),
  ('FALABELLA', 'Falabella', 'S.A.C.I. Falabella', 'Retail', 'Department Stores', 'BCS', 'CLP', 'CL', true, '{"static_mvp": true}'),
  ('CENCOSUD', 'Cencosud', 'Cencosud S.A.', 'Retail', 'Supermarkets & Home Improvement', 'BCS', 'CLP', 'CL', true, '{"static_mvp": true}'),
  ('RIPLEY', 'Ripley Corp', 'Ripley Corp S.A.', 'Retail', 'Department Stores', 'BCS', 'CLP', 'CL', true, '{"static_mvp": true}'),
  ('PARAUCO', 'Parque Arauco', 'Parque Arauco S.A.', 'Real Estate', 'Shopping Malls', 'BCS', 'CLP', 'CL', true, '{"static_mvp": true}'),
  ('MALLPLAZA', 'Mall Plaza', 'Mall Plaza S.A.', 'Real Estate', 'Shopping Malls', 'BCS', 'CLP', 'CL', true, '{"static_mvp": true}'),
  ('ENTEL', 'Entel Chile', 'Empresa Nacional de Telecomunicaciones S.A.', 'Telecom', 'Mobile & Fixed Telecom', 'BCS', 'CLP', 'CL', true, '{"static_mvp": true}'),
  ('SONDA', 'SONDA S.A.', 'SONDA S.A.', 'Information Technology', 'IT Services', 'BCS', 'CLP', 'CL', true, '{"static_mvp": true}'),
  ('ANDINA-B', 'Embotelladora Andina', 'Embotelladora Andina S.A.', 'Consumer Beverages', 'Carbonated Beverages', 'BCS', 'CLP', 'CL', true, '{"static_mvp": true}'),
  ('CCU', 'Compañía Cervecerías Unidas', 'Compañía Cervecerías Unidas S.A.', 'Consumer Beverages', 'Beer & Beverages', 'BCS', 'CLP', 'CL', true, '{"static_mvp": true}'),
  ('CONCHATORO', 'Viña Concha y Toro', 'Viña Concha y Toro S.A.', 'Consumer Beverages', 'Wine', 'BCS', 'CLP', 'CL', true, '{"static_mvp": true}'),
  ('LTM', 'LATAM Airlines Group', 'LATAM Airlines Group S.A.', 'Transportation', 'Airlines', 'BCS', 'CLP', 'CL', true, '{"static_mvp": true}'),
  ('VAPORES', 'Compañía Sud Americana de Vapores', 'Compañía Sud Americana de Vapores S.A.', 'Transportation', 'Shipping', 'BCS', 'CLP', 'CL', true, '{"static_mvp": true}')
on conflict (ticker) do update set
  name = excluded.name,
  legal_name = excluded.legal_name,
  sector = excluded.sector,
  industry = excluded.industry,
  updated_at = now();

-- ─── macro_indicators ─────────────────────────────────────────────────────────
insert into macro_indicators (id, region, name, short_name, category, unit, source_provider, live_enabled, metadata)
values
  ('tpm',           'CL', 'Tasa Política Monetaria',             'TPM',         'Rates',       '%',     'bcch', false, '{"static_mvp": true}'),
  ('ipc-mensual',   'CL', 'IPC Variación Mensual',               'IPC m/m',     'Inflation',   '%',     'bcch', false, '{"static_mvp": true}'),
  ('ipc-anual',     'CL', 'IPC Variación 12 Meses',              'IPC 12m',     'Inflation',   '%',     'bcch', false, '{"static_mvp": true}'),
  ('uf-diaria',     'CL', 'Unidad de Fomento',                   'UF',          'Inflation',   'CLP',   'bcch', false, '{"static_mvp": true}'),
  ('usdclp',        'CL', 'Tipo de Cambio USD/CLP',              'USD/CLP',     'FX',          'CLP',   'bcch', false, '{"static_mvp": true}'),
  ('imacec-anual',  'CL', 'IMACEC Variación 12 Meses',           'IMACEC 12m',  'Activity',    '%',     'bcch', false, '{"static_mvp": true}'),
  ('desempleo',     'CL', 'Tasa de Desempleo',                   'Desempleo',   'Labor',       '%',     'bcch', false, '{"static_mvp": true}'),
  ('cobre-lme',     'CL', 'Precio del Cobre LME',                'Cobre LME',   'Commodities', 'USD/lb','static', false, '{"static_mvp": true}'),
  ('litio-spot',    'CL', 'Litio Carbonato (precio referencial)','Litio',       'Commodities', 'USD/t', 'static', false, '{"static_mvp": true}'),
  ('brent',         'CL', 'Petróleo Brent',                      'Brent',       'Commodities', 'USD/bbl','static', false, '{"static_mvp": true}'),
  ('btu10-ref',     'CL', 'Tasa de Referencia 10 años (BTU)',    'BTU 10Y',     'Rates',       '%',     'bcch', false, '{"static_mvp": true}'),
  ('credito',       'CL', 'Crecimiento Crédito Bancario',        'Crédito',     'Activity',    '%',     'cmf',  false, '{"static_mvp": true}'),
  ('pib',           'CL', 'PIB Variación 12 Meses',              'PIB (GDP)',   'Activity',    '%',     'bcch', false, '{"static_mvp": true}'),
  ('fed-funds',     'US', 'Federal Funds Rate (Upper Bound)',     'Fed Funds',   'US Rates',    '%',     'static', false, '{"static_mvp": true}'),
  ('us3m',          'US', 'US 3-Month Treasury Bill',            'US 3M',       'US Rates',    '%',     'static', false, '{"static_mvp": true}'),
  ('us2y',          'US', 'US 2-Year Treasury Yield',            'US 2Y',       'US Rates',    '%',     'static', false, '{"static_mvp": true}'),
  ('us10y',         'US', 'US 10-Year Treasury Yield',           'US 10Y',      'US Rates',    '%',     'static', false, '{"static_mvp": true}'),
  ('us20y',         'US', 'US 20-Year Treasury Yield',           'US 20Y',      'US Rates',    '%',     'static', false, '{"static_mvp": true}'),
  ('us30y',         'US', 'US 30-Year Treasury Yield',           'US 30Y',      'US Rates',    '%',     'static', false, '{"static_mvp": true}'),
  ('us-cpi-mensual','US', 'US CPI Month-over-Month',             'US CPI m/m',  'US Inflation','%',     'static', false, '{"static_mvp": true}'),
  ('us-cpi-anual',  'US', 'US CPI Year-over-Year',              'US CPI y/y',  'US Inflation','%',     'static', false, '{"static_mvp": true}'),
  ('dxy',           'US', 'US Dollar Index (DXY)',                'DXY',         'US FX',       '',      'static', false, '{"static_mvp": true}'),
  ('bitcoin',       'US', 'Bitcoin (USD)',                        'BTC/USD',     'Crypto',      'USD',   'static', false, '{"static_mvp": true}'),
  ('us-unemployment','US','US Unemployment Rate',                 'US Unemp.',   'US Labor',    '%',     'static', false, '{"static_mvp": true}'),
  ('us-gdp',        'US', 'US Real GDP (q/q annualized)',         'US GDP',      'US Activity', '%',     'static', false, '{"static_mvp": true}')
on conflict (id) do update set
  name = excluded.name,
  short_name = excluded.short_name,
  category = excluded.category,
  unit = excluded.unit,
  updated_at = now();
